Amount,TransactionTime,Merchant,UserID,IsFraud
421.13135435493695,2025-01-01 00:00:00,3,15,0
558.4813616429518,2025-01-01 00:01:00,3,9,0
782.1333950859165,2025-01-01 00:02:00,4,8,0
703.4001337623507,2025-01-01 00:03:00,4,10,0
710.5837228695478,2025-01-01 00:04:00,0,18,0
883.1245039159289,2025-01-01 00:05:00,1,2,0
678.1143624768767,2025-01-01 00:06:00,2,11,0
256.636329426836,2025-01-01 00:07:00,1,14,0
373.17759561773767,2025-01-01 00:08:00,0,18,0
139.34211667408113,2025-01-01 00:09:00,2,11,0
329.21508489098244,2025-01-01 00:10:00,2,9,0
21.793628585384358,2025-01-01 00:11:00,1,12,0
604.4663416550474,2025-01-01 00:12:00,1,2,0
197.27695114730955,2025-01-01 00:13:00,1,6,0
905.3868332783977,2025-01-01 00:14:00,2,14,0
806.9541303856116,2025-01-01 00:15:00,3,12,0
754.3154283131928,2025-01-01 00:16:00,3,6,0
486.2080983670207,2025-01-01 00:17:00,1,9,0
746.9295534188997,2025-01-01 00:18:00,0,10,0
563.0754649322411,2025-01-01 00:19:00,1,10,0
241.18669162997304,2025-01-01 00:20:00,1,6,0
759.4214730389314,2025-01-01 00:21:00,1,14,0
289.9959916486326,2025-01-01 00:22:00,4,12,0
597.3325900822348,2025-01-01 00:23:00,0,1,0
718.6685267447208,2025-01-01 00:24:00,3,12,0
607.3495831928609,2025-01-01 00:25:00,2,5,0
191.9703801818612,2025-01-01 00:26:00,4,19,0
220.54998738230896,2025-01-01 00:27:00,2,17,0
463.718815561943,2025-01-01 00:28:00,3,18,0
248.39199710508376,2025-01-01 00:29:00,3,13,0
407.4812977282219,2025-01-01 00:30:00,2,6,0
839.9221616963051,2025-01-01 00:31:00,2,0,0
613.4744146214977,2025-01-01 00:32:00,2,9,0
973.2288880684363,2025-01-01 00:33:00,0,16,0
16.42706170343937,2025-01-01 00:34:00,3,2,0
513.9614546636608,2025-01-01 00:35:00,0,3,0
224.65809570313002,2025-01-01 00:36:00,2,9,0
168.12238516624768,2025-01-01 00:37:00,4,2,0
506.2465182956446,2025-01-01 00:38:00,3,13,0
630.6666083745687,2025-01-01 00:39:00,1,7,0
767.6915204230744,2025-01-01 00:40:00,2,15,0
363.2729417738625,2025-01-01 00:41:00,1,4,0
819.9048521999891,2025-01-01 00:42:00,4,7,1
585.7823444994217,2025-01-01 00:43:00,3,8,0
983.131520648731,2025-01-01 00:44:00,1,11,0
954.5756297657937,2025-01-01 00:45:00,1,9,0
993.5554869331338,2025-01-01 00:46:00,4,15,1
92.42547636888273,2025-01-01 00:47:00,2,10,0
147.53613655703717,2025-01-01 00:48:00,4,11,0
397.3219489309196,2025-01-01 00:49:00,4,13,0
116.40364234556725,2025-01-01 00:50:00,4,4,0
315.26046563811013,2025-01-01 00:51:00,2,4,0
86.67534840969374,2025-01-01 00:52:00,1,6,0
291.08755976734807,2025-01-01 00:53:00,0,9,0
921.564294614118,2025-01-01 00:54:00,0,17,0
915.4486462649486,2025-01-01 00:55:00,4,4,0
539.6775399958075,2025-01-01 00:56:00,1,5,0
372.72403909109477,2025-01-01 00:57:00,2,1,0
739.8170597567105,2025-01-01 00:58:00,3,16,0
637.965979067822,2025-01-01 00:59:00,2,1,0
492.26611703286346,2025-01-01 01:00:00,0,11,0
901.141268881861,2025-01-01 01:01:00,0,12,0
267.70130214784683,2025-01-01 01:02:00,1,13,0
38.97969117201366,2025-01-01 01:03:00,4,6,0
757.2152363380471,2025-01-01 01:04:00,2,11,0
297.7119468987665,2025-01-01 01:05:00,4,9,0
809.9876555344866,2025-01-01 01:06:00,3,17,0
39.60561656842037,2025-01-01 01:07:00,4,13,0
494.01574242296346,2025-01-01 01:08:00,3,19,0
835.7112516383467,2025-01-01 01:09:00,1,12,0
817.477791282671,2025-01-01 01:10:00,2,7,0
651.4663357204952,2025-01-01 01:11:00,3,3,0
751.321175488129,2025-01-01 01:12:00,1,14,0
204.03406417157905,2025-01-01 01:13:00,4,3,0
271.17287616933675,2025-01-01 01:14:00,0,1,0
624.2048042728276,2025-01-01 01:15:00,2,10,0
520.4101025398112,2025-01-01 01:16:00,2,16,0
846.4502352162322,2025-01-01 01:17:00,4,16,0
88.58555443455167,2025-01-01 01:18:00,2,3,0
114.23346517841749,2025-01-01 01:19:00,4,12,0
397.0510406326699,2025-01-01 01:20:00,0,5,0
702.9161591875059,2025-01-01 01:21:00,1,13,0
789.2816070184796,2025-01-01 01:22:00,1,2,0
618.515206585254,2025-01-01 01:23:00,0,2,0
814.253271797196,2025-01-01 01:24:00,1,4,0
667.0929615590488,2025-01-01 01:25:00,1,11,0
365.14442423555215,2025-01-01 01:26:00,3,8,0
756.5659676035019,2025-01-01 01:27:00,2,6,1
189.40561423510792,2025-01-01 01:28:00,2,1,0
756.067595276522,2025-01-01 01:29:00,2,12,0
225.31059237709653,2025-01-01 01:30:00,2,8,0
228.93581368743713,2025-01-01 01:31:00,2,18,0
71.53591821038688,2025-01-01 01:32:00,4,3,0
979.4972995314777,2025-01-01 01:33:00,3,2,0
964.1345465203881,2025-01-01 01:34:00,2,7,0
618.5818550124848,2025-01-01 01:35:00,0,17,0
815.7114333222431,2025-01-01 01:36:00,1,9,0
442.8168890948158,2025-01-01 01:37:00,1,5,0
163.11881697488295,2025-01-01 01:38:00,4,11,0
738.6186680831139,2025-01-01 01:39:00,0,8,0
333.9915700818075,2025-01-01 01:40:00,4,5,0
335.0832705463589,2025-01-01 01:41:00,2,10,0
172.9815787432864,2025-01-01 01:42:00,4,2,0
21.102651083290397,2025-01-01 01:43:00,3,10,0
234.59122313422273,2025-01-01 01:44:00,0,2,0
27.35089136748217,2025-01-01 01:45:00,4,6,0
908.1463995303584,2025-01-01 01:46:00,1,11,0
596.2244316367571,2025-01-01 01:47:00,1,9,0
924.2439355234967,2025-01-01 01:48:00,0,1,0
684.9899203986546,2025-01-01 01:49:00,0,6,0
42.658800394749804,2025-01-01 01:50:00,3,18,0
510.99696390398657,2025-01-01 01:51:00,4,11,0
311.456211292691,2025-01-01 01:52:00,1,1,0
238.76576808962645,2025-01-01 01:53:00,0,0,0
187.10376338786304,2025-01-01 01:54:00,3,2,0
897.4092432323367,2025-01-01 01:55:00,3,6,0
817.939893353329,2025-01-01 01:56:00,2,7,0
734.2043191931436,2025-01-01 01:57:00,3,19,0
113.73716656547839,2025-01-01 01:58:00,4,5,0
486.3733542475239,2025-01-01 01:59:00,3,13,1
399.26621007947426,2025-01-01 02:00:00,4,14,0
433.5245336229784,2025-01-01 02:01:00,3,12,0
653.6633695924083,2025-01-01 02:02:00,4,15,1
194.95442609117413,2025-01-01 02:03:00,1,13,0
627.9526325372337,2025-01-01 02:04:00,2,14,0
943.1612259333191,2025-01-01 02:05:00,1,17,0
279.62588247234646,2025-01-01 02:06:00,0,4,1
513.5135131975354,2025-01-01 02:07:00,0,4,0
458.666645799037,2025-01-01 02:08:00,4,14,0
963.436348120808,2025-01-01 02:09:00,0,18,0
227.5219978157636,2025-01-01 02:10:00,2,14,0
840.0877137811603,2025-01-01 02:11:00,2,0,1
722.5370903701198,2025-01-01 02:12:00,1,10,0
802.7580186124379,2025-01-01 02:13:00,0,18,0
463.82587843359374,2025-01-01 02:14:00,4,0,0
863.6387808367076,2025-01-01 02:15:00,3,15,0
462.0282347235177,2025-01-01 02:16:00,1,8,0
709.9421800019272,2025-01-01 02:17:00,0,10,0
617.6414376213052,2025-01-01 02:18:00,4,12,0
21.652928004524043,2025-01-01 02:19:00,3,8,0
50.69830962577967,2025-01-01 02:20:00,1,6,0
956.5170480216959,2025-01-01 02:21:00,4,8,0
207.13497181102161,2025-01-01 02:22:00,1,2,0
890.9310649766699,2025-01-01 02:23:00,1,15,0
197.03823515789702,2025-01-01 02:24:00,4,6,0
507.4947584295686,2025-01-01 02:25:00,0,3,0
440.9854034189721,2025-01-01 02:26:00,2,3,0
198.23220562687484,2025-01-01 02:27:00,4,6,0
752.6913871620716,2025-01-01 02:28:00,0,12,0
298.48959711730373,2025-01-01 02:29:00,0,1,0
590.2922582946399,2025-01-01 02:30:00,4,3,0
255.07346366427004,2025-01-01 02:31:00,0,10,0
574.7407149001583,2025-01-01 02:32:00,2,2,0
990.8426430855294,2025-01-01 02:33:00,2,8,0
942.5326763017856,2025-01-01 02:34:00,2,8,0
645.061509905527,2025-01-01 02:35:00,2,19,0
455.0370090628355,2025-01-01 02:36:00,4,19,0
251.602412623483,2025-01-01 02:37:00,2,16,0
748.9192300959423,2025-01-01 02:38:00,2,3,0
367.70694566696005,2025-01-01 02:39:00,2,19,0
226.28557253138368,2025-01-01 02:40:00,2,16,0
33.54207852523655,2025-01-01 02:41:00,0,1,1
580.8923278261802,2025-01-01 02:42:00,4,11,0
532.163881182907,2025-01-01 02:43:00,1,6,0
149.2732680670162,2025-01-01 02:44:00,0,16,0
277.82820564445257,2025-01-01 02:45:00,0,6,0
64.33880688632826,2025-01-01 02:46:00,2,2,0
76.30647687102504,2025-01-01 02:47:00,3,16,0
630.904929759455,2025-01-01 02:48:00,0,1,0
236.3712668499758,2025-01-01 02:49:00,3,9,0
935.4772051611574,2025-01-01 02:50:00,0,9,0
22.17146263928407,2025-01-01 02:51:00,2,19,0
352.3335313022688,2025-01-01 02:52:00,2,15,0
525.5582253398526,2025-01-01 02:53:00,1,10,0
200.25150414526482,2025-01-01 02:54:00,2,9,0
755.0680430073171,2025-01-01 02:55:00,3,7,0
475.31423219891377,2025-01-01 02:56:00,1,18,0
707.8382357681347,2025-01-01 02:57:00,2,9,0
996.0218928839041,2025-01-01 02:58:00,1,13,0
725.2922310006736,2025-01-01 02:59:00,2,16,0
356.32136303006484,2025-01-01 03:00:00,4,0,0
394.0576953820724,2025-01-01 03:01:00,0,0,0
751.7798675290854,2025-01-01 03:02:00,1,7,0
327.09248050803996,2025-01-01 03:03:00,0,8,0
491.45788346582395,2025-01-01 03:04:00,2,12,0
123.18630546148438,2025-01-01 03:05:00,4,16,0
66.84038793720947,2025-01-01 03:06:00,1,14,0
885.797653981725,2025-01-01 03:07:00,2,14,0
187.23680062608847,2025-01-01 03:08:00,2,2,0
63.529543344364725,2025-01-01 03:09:00,0,7,0
330.7010887363701,2025-01-01 03:10:00,2,1,0
809.4604420160729,2025-01-01 03:11:00,0,9,0
278.96501232408303,2025-01-01 03:12:00,1,9,0
935.0697416316541,2025-01-01 03:13:00,1,13,0
770.8680618383368,2025-01-01 03:14:00,4,16,0
940.3348486335224,2025-01-01 03:15:00,4,7,0
981.7671691445408,2025-01-01 03:16:00,3,2,0
30.15657336468139,2025-01-01 03:17:00,4,5,0
201.76386161094212,2025-01-01 03:18:00,0,13,0
666.8462084015987,2025-01-01 03:19:00,4,7,0
710.0628888173901,2025-01-01 03:20:00,0,0,0
860.3001094093762,2025-01-01 03:21:00,1,19,0
641.8000351119225,2025-01-01 03:22:00,2,7,0
913.6560101512996,2025-01-01 03:23:00,4,8,0
347.54622631734367,2025-01-01 03:24:00,0,5,0
28.86472777465693,2025-01-01 03:25:00,1,2,0
927.9982413337466,2025-01-01 03:26:00,0,14,0
492.3207359494842,2025-01-01 03:27:00,4,7,0
901.3034794479839,2025-01-01 03:28:00,3,12,0
829.6418822140496,2025-01-01 03:29:00,4,6,0
588.8452775954096,2025-01-01 03:30:00,0,1,0
803.5940847607409,2025-01-01 03:31:00,3,17,0
98.67406526710728,2025-01-01 03:32:00,1,19,0
482.27695210454755,2025-01-01 03:33:00,2,2,0
551.4375545581951,2025-01-01 03:34:00,4,17,0
343.9393875812171,2025-01-01 03:35:00,0,4,0
34.541505288651024,2025-01-01 03:36:00,1,7,0
111.14775268764014,2025-01-01 03:37:00,2,12,1
845.5126865156552,2025-01-01 03:38:00,2,13,0
526.7540762294566,2025-01-01 03:39:00,2,10,0
817.9735996179204,2025-01-01 03:40:00,1,0,0
887.164879512782,2025-01-01 03:41:00,1,12,0
309.8972224277957,2025-01-01 03:42:00,3,17,0
506.4630626034818,2025-01-01 03:43:00,2,13,0
463.4679054065659,2025-01-01 03:44:00,3,17,0
352.3661318728386,2025-01-01 03:45:00,0,19,0
35.673586935362366,2025-01-01 03:46:00,3,6,0
716.1404185438176,2025-01-01 03:47:00,4,11,0
253.76439534797143,2025-01-01 03:48:00,1,4,0
71.10459124751706,2025-01-01 03:49:00,4,14,0
555.0587110916911,2025-01-01 03:50:00,0,7,0
50.46180798316446,2025-01-01 03:51:00,0,15,0
955.4344571686308,2025-01-01 03:52:00,4,2,0
760.0204631103772,2025-01-01 03:53:00,2,2,0
490.22360904810216,2025-01-01 03:54:00,1,12,0
277.58097233554645,2025-01-01 03:55:00,0,14,0
287.14973186546547,2025-01-01 03:56:00,4,19,0
761.264603975568,2025-01-01 03:57:00,0,13,0
298.7743952227002,2025-01-01 03:58:00,4,2,0
257.5453215665917,2025-01-01 03:59:00,3,19,0
929.8213569817901,2025-01-01 04:00:00,1,6,0
716.4507748405906,2025-01-01 04:01:00,2,7,0
50.955008167150496,2025-01-01 04:02:00,0,0,0
219.94811759529657,2025-01-01 04:03:00,1,9,0
281.8242832476156,2025-01-01 04:04:00,2,0,0
81.415240204613,2025-01-01 04:05:00,0,16,0
831.6301984995456,2025-01-01 04:06:00,0,3,0
172.0088994034308,2025-01-01 04:07:00,2,6,0
320.90258283277905,2025-01-01 04:08:00,0,1,0
301.25706851426753,2025-01-01 04:09:00,3,13,0
302.6487922441677,2025-01-01 04:10:00,0,16,0
581.1864796870841,2025-01-01 04:11:00,0,12,0
366.6547739292705,2025-01-01 04:12:00,2,14,0
759.5488952592981,2025-01-01 04:13:00,4,9,0
584.6193965636493,2025-01-01 04:14:00,2,1,0
735.3744108365657,2025-01-01 04:15:00,0,16,0
387.7957505811959,2025-01-01 04:16:00,1,13,0
615.3355442544434,2025-01-01 04:17:00,1,8,0
896.2915843345808,2025-01-01 04:18:00,0,12,0
897.3047431621826,2025-01-01 04:19:00,1,19,0
306.66160272460723,2025-01-01 04:20:00,4,1,0
441.5628431893992,2025-01-01 04:21:00,0,2,0
835.91101998486,2025-01-01 04:22:00,2,7,0
258.9901601338562,2025-01-01 04:23:00,1,15,0
485.7327884112992,2025-01-01 04:24:00,1,1,0
214.5869904770724,2025-01-01 04:25:00,0,12,0
623.0978846810925,2025-01-01 04:26:00,1,19,1
985.5040733789764,2025-01-01 04:27:00,3,13,0
891.6532535818798,2025-01-01 04:28:00,4,12,0
907.1423996904083,2025-01-01 04:29:00,1,10,0
47.74143791244937,2025-01-01 04:30:00,4,14,0
145.14554852181752,2025-01-01 04:31:00,3,18,0
777.4420399386944,2025-01-01 04:32:00,3,10,0
830.9697041787466,2025-01-01 04:33:00,3,13,0
777.2371834493877,2025-01-01 04:34:00,0,1,0
899.8836036417076,2025-01-01 04:35:00,0,12,0
381.6361241977457,2025-01-01 04:36:00,2,12,0
41.65987970215048,2025-01-01 04:37:00,3,14,0
270.05308547031024,2025-01-01 04:38:00,4,4,0
8.7437913018249,2025-01-01 04:39:00,3,12,0
459.17003270038964,2025-01-01 04:40:00,4,16,0
958.8617273775119,2025-01-01 04:41:00,3,3,0
942.1494692280669,2025-01-01 04:42:00,0,19,0
864.6525043912237,2025-01-01 04:43:00,0,5,0
621.3159273128141,2025-01-01 04:44:00,2,11,0
174.9648739572662,2025-01-01 04:45:00,2,10,0
964.264059046503,2025-01-01 04:46:00,3,0,0
569.5564813546364,2025-01-01 04:47:00,0,3,0
135.90194546893218,2025-01-01 04:48:00,1,15,0
121.14432399721278,2025-01-01 04:49:00,4,2,0
783.2146708561977,2025-01-01 04:50:00,4,19,0
646.6045469373936,2025-01-01 04:51:00,1,6,0
251.11147174496028,2025-01-01 04:52:00,2,5,0
237.97335041945098,2025-01-01 04:53:00,1,12,0
281.12240802465163,2025-01-01 04:54:00,0,7,0
509.6711784998557,2025-01-01 04:55:00,1,1,0
405.667875010257,2025-01-01 04:56:00,3,12,0
117.38868646272961,2025-01-01 04:57:00,0,16,0
638.5973624111349,2025-01-01 04:58:00,0,2,0
923.6160253106452,2025-01-01 04:59:00,0,7,0
498.35604847002924,2025-01-01 05:00:00,4,14,0
127.53817343784344,2025-01-01 05:01:00,4,7,0
646.4322636454469,2025-01-01 05:02:00,3,6,0
296.6550997942083,2025-01-01 05:03:00,3,11,0
179.19499179384061,2025-01-01 05:04:00,0,4,0
73.26286871631498,2025-01-01 05:05:00,2,17,0
470.8158937590296,2025-01-01 05:06:00,4,0,0
673.8156548950205,2025-01-01 05:07:00,2,7,0
469.8372308134961,2025-01-01 05:08:00,0,10,0
592.8481362884315,2025-01-01 05:09:00,0,8,0
750.8740307944495,2025-01-01 05:10:00,4,2,1
818.1015006978703,2025-01-01 05:11:00,0,13,0
774.78139281865,2025-01-01 05:12:00,0,14,0
192.7168263067965,2025-01-01 05:13:00,3,4,0
159.7286605100337,2025-01-01 05:14:00,0,1,0
309.637466672018,2025-01-01 05:15:00,3,13,0
791.7242778970315,2025-01-01 05:16:00,1,8,0
313.7575607700061,2025-01-01 05:17:00,0,6,0
351.1754862606472,2025-01-01 05:18:00,3,6,0
279.4055173929944,2025-01-01 05:19:00,0,9,0
655.703415056149,2025-01-01 05:20:00,2,19,0
420.22518190456213,2025-01-01 05:21:00,4,15,0
301.1286262042422,2025-01-01 05:22:00,3,2,0
500.07885170451186,2025-01-01 05:23:00,3,18,0
590.9583345961773,2025-01-01 05:24:00,0,6,0
779.1227651923135,2025-01-01 05:25:00,2,2,0
238.6540515992826,2025-01-01 05:26:00,4,17,0
775.7839470721576,2025-01-01 05:27:00,3,5,0
115.53564753137559,2025-01-01 05:28:00,4,8,0
193.0557128260098,2025-01-01 05:29:00,1,1,0
846.9098945005528,2025-01-01 05:30:00,2,18,0
392.2716188432294,2025-01-01 05:31:00,2,4,0
697.8319281188896,2025-01-01 05:32:00,3,6,0
348.02120044066453,2025-01-01 05:33:00,2,12,0
222.98991655819236,2025-01-01 05:34:00,3,15,0
994.2984637910404,2025-01-01 05:35:00,4,7,0
175.4418996747316,2025-01-01 05:36:00,1,3,0
487.6561934020349,2025-01-01 05:37:00,3,11,1
368.59269039767923,2025-01-01 05:38:00,1,8,0
22.905979241342884,2025-01-01 05:39:00,1,4,0
925.4348827257413,2025-01-01 05:40:00,3,12,0
914.5369489100775,2025-01-01 05:41:00,4,15,0
454.13454738514577,2025-01-01 05:42:00,1,9,0
802.7244874635293,2025-01-01 05:43:00,1,7,0
126.96339773428794,2025-01-01 05:44:00,1,19,0
416.8446700842443,2025-01-01 05:45:00,3,8,0
513.8336705331368,2025-01-01 05:46:00,0,12,0
892.31672788491,2025-01-01 05:47:00,1,5,0
79.30939004831373,2025-01-01 05:48:00,3,5,0
879.2717567403766,2025-01-01 05:49:00,2,9,0
246.28952884316817,2025-01-01 05:50:00,2,13,0
768.3097701036677,2025-01-01 05:51:00,4,0,0
789.2961398329361,2025-01-01 05:52:00,4,5,0
352.2979823978762,2025-01-01 05:53:00,2,5,0
94.85870911520826,2025-01-01 05:54:00,2,15,0
224.43976529333136,2025-01-01 05:55:00,0,18,0
404.3873597218597,2025-01-01 05:56:00,3,19,0
242.49843377980176,2025-01-01 05:57:00,4,10,0
413.09621893853,2025-01-01 05:58:00,3,4,0
158.31840037112244,2025-01-01 05:59:00,2,17,0
304.0794409170055,2025-01-01 06:00:00,4,11,0
848.0501811244703,2025-01-01 06:01:00,1,12,1
527.0172157990366,2025-01-01 06:02:00,0,18,1
515.0831114893471,2025-01-01 06:03:00,4,17,0
428.1712638397424,2025-01-01 06:04:00,0,10,0
196.67473701142316,2025-01-01 06:05:00,2,1,0
841.028637227508,2025-01-01 06:06:00,2,16,0
47.50518641023789,2025-01-01 06:07:00,0,8,0
608.0809745607363,2025-01-01 06:08:00,1,5,0
40.05035529971549,2025-01-01 06:09:00,3,16,0
63.577442000500604,2025-01-01 06:10:00,0,16,0
22.397726246289565,2025-01-01 06:11:00,3,7,0
845.3957754013967,2025-01-01 06:12:00,2,12,0
757.2323288461854,2025-01-01 06:13:00,1,3,1
265.3554206915775,2025-01-01 06:14:00,1,7,0
269.0313965715576,2025-01-01 06:15:00,1,13,0
428.6077247523145,2025-01-01 06:16:00,0,7,0
139.4915146414841,2025-01-01 06:17:00,3,2,0
446.075480936455,2025-01-01 06:18:00,2,13,0
565.5771688657569,2025-01-01 06:19:00,1,19,0
412.8883741567294,2025-01-01 06:20:00,3,17,0
276.0481101523702,2025-01-01 06:21:00,0,6,0
606.4621172010477,2025-01-01 06:22:00,4,6,0
294.91026819414424,2025-01-01 06:23:00,2,8,0
354.4976142425281,2025-01-01 06:24:00,1,14,0
531.7964950134287,2025-01-01 06:25:00,3,14,0
904.1378090295202,2025-01-01 06:26:00,3,6,1
944.6974811012806,2025-01-01 06:27:00,0,2,0
37.27672367376172,2025-01-01 06:28:00,4,19,0
916.6747424921223,2025-01-01 06:29:00,1,2,0
493.7378193421975,2025-01-01 06:30:00,4,16,0
739.8834596442605,2025-01-01 06:31:00,3,3,0
223.7802168024703,2025-01-01 06:32:00,1,5,0
722.3041373158666,2025-01-01 06:33:00,1,16,0
459.0599758004868,2025-01-01 06:34:00,0,17,0
602.4149904662503,2025-01-01 06:35:00,4,17,0
841.4592718200253,2025-01-01 06:36:00,0,9,0
610.8772585686788,2025-01-01 06:37:00,4,19,0
277.4293305421522,2025-01-01 06:38:00,4,15,0
781.1716778670902,2025-01-01 06:39:00,4,12,0
203.17850319333766,2025-01-01 06:40:00,3,17,0
352.27848015723714,2025-01-01 06:41:00,0,19,1
812.1509583530906,2025-01-01 06:42:00,0,1,0
418.6682727626785,2025-01-01 06:43:00,4,4,0
719.8005908509892,2025-01-01 06:44:00,3,14,0
696.5739977045051,2025-01-01 06:45:00,2,15,0
978.559644739591,2025-01-01 06:46:00,2,15,0
594.8458674669486,2025-01-01 06:47:00,1,1,0
890.4257913963984,2025-01-01 06:48:00,3,15,0
378.8027322726201,2025-01-01 06:49:00,2,9,0
344.90666211658544,2025-01-01 06:50:00,3,4,0
926.120223446332,2025-01-01 06:51:00,2,0,0
832.7313741558611,2025-01-01 06:52:00,3,17,0
784.5968469108224,2025-01-01 06:53:00,2,12,0
480.44437804299184,2025-01-01 06:54:00,2,9,0
947.820695182021,2025-01-01 06:55:00,1,12,0
241.00270893211498,2025-01-01 06:56:00,4,1,0
511.51469314585995,2025-01-01 06:57:00,3,14,0
745.4378747964291,2025-01-01 06:58:00,2,10,0
101.2452306435,2025-01-01 06:59:00,2,14,0
73.79893930031038,2025-01-01 07:00:00,1,1,0
857.2091225037977,2025-01-01 07:01:00,1,0,0
636.0362274455647,2025-01-01 07:02:00,4,11,0
741.8412176283033,2025-01-01 07:03:00,3,8,0
314.2548324408633,2025-01-01 07:04:00,0,11,0
537.259618217182,2025-01-01 07:05:00,3,11,0
242.24670059185036,2025-01-01 07:06:00,2,5,0
71.59195313116857,2025-01-01 07:07:00,1,19,0
213.10629500733967,2025-01-01 07:08:00,2,15,0
976.2124460282885,2025-01-01 07:09:00,3,18,0
267.9147643018921,2025-01-01 07:10:00,4,0,0
89.29507681190127,2025-01-01 07:11:00,0,14,0
840.6248924217845,2025-01-01 07:12:00,1,19,0
510.66623327888846,2025-01-01 07:13:00,0,3,0
952.1113609663357,2025-01-01 07:14:00,4,1,0
148.9080931489883,2025-01-01 07:15:00,0,8,0
833.0907398913382,2025-01-01 07:16:00,2,11,0
370.5800076390283,2025-01-01 07:17:00,2,7,0
868.8735395554072,2025-01-01 07:18:00,0,15,0
623.7910306245471,2025-01-01 07:19:00,3,7,0
16.499653354444693,2025-01-01 07:20:00,0,4,0
940.563917718667,2025-01-01 07:21:00,0,3,1
424.8703569516858,2025-01-01 07:22:00,2,3,0
682.112853281562,2025-01-01 07:23:00,4,16,0
796.1092225632322,2025-01-01 07:24:00,4,11,0
409.6279055882262,2025-01-01 07:25:00,2,19,0
36.511821278328554,2025-01-01 07:26:00,2,0,0
377.29539257733313,2025-01-01 07:27:00,3,3,0
541.2493858411594,2025-01-01 07:28:00,0,11,0
778.0546741172437,2025-01-01 07:29:00,3,10,0
12.894297548657015,2025-01-01 07:30:00,1,14,0
881.3712746757839,2025-01-01 07:31:00,0,9,0
901.4074715712198,2025-01-01 07:32:00,3,19,0
923.04062969286,2025-01-01 07:33:00,4,9,0
824.3489998438647,2025-01-01 07:34:00,4,6,0
668.0583899191344,2025-01-01 07:35:00,2,18,0
550.8544261629145,2025-01-01 07:36:00,0,6,0
727.8533855781388,2025-01-01 07:37:00,2,2,0
166.41092331482875,2025-01-01 07:38:00,2,1,0
793.3310329517304,2025-01-01 07:39:00,3,14,0
924.8470850760558,2025-01-01 07:40:00,1,11,0
912.3233507469854,2025-01-01 07:41:00,1,12,0
941.1568497474851,2025-01-01 07:42:00,4,2,0
948.7606509310037,2025-01-01 07:43:00,1,4,0
62.59840797944537,2025-01-01 07:44:00,0,2,0
169.74194083704205,2025-01-01 07:45:00,0,17,0
790.238085958341,2025-01-01 07:46:00,3,17,0
801.1899989303163,2025-01-01 07:47:00,1,2,0
548.4397187524651,2025-01-01 07:48:00,4,2,0
673.9609544530173,2025-01-01 07:49:00,3,8,0
488.7111824045679,2025-01-01 07:50:00,2,1,0
181.12744355509085,2025-01-01 07:51:00,2,9,0
655.173639602393,2025-01-01 07:52:00,4,19,0
884.2009654216054,2025-01-01 07:53:00,2,10,0
707.6985770259926,2025-01-01 07:54:00,1,16,0
216.11992182908782,2025-01-01 07:55:00,2,9,0
651.2971206936883,2025-01-01 07:56:00,4,10,0
369.6187290993621,2025-01-01 07:57:00,0,7,0
114.46246303078608,2025-01-01 07:58:00,0,6,0
698.8782576083104,2025-01-01 07:59:00,3,3,0
480.1427962685188,2025-01-01 08:00:00,1,3,0
392.6605437954139,2025-01-01 08:01:00,0,15,0
653.1185757349937,2025-01-01 08:02:00,3,15,1
733.0450344631078,2025-01-01 08:03:00,2,1,0
178.3602056168216,2025-01-01 08:04:00,3,4,0
869.9263047181944,2025-01-01 08:05:00,3,3,0
769.7969831092433,2025-01-01 08:06:00,4,15,0
862.1590070003551,2025-01-01 08:07:00,1,0,0
797.0594693578922,2025-01-01 08:08:00,0,1,0
926.3379789284439,2025-01-01 08:09:00,0,10,0
562.2497165380053,2025-01-01 08:10:00,2,18,0
18.153792957594217,2025-01-01 08:11:00,0,18,0
814.0541937726255,2025-01-01 08:12:00,0,13,0
121.74580613911684,2025-01-01 08:13:00,2,8,0
445.14117555410934,2025-01-01 08:14:00,0,4,0
511.1053304923005,2025-01-01 08:15:00,0,11,0
169.73233023428094,2025-01-01 08:16:00,4,7,0
396.5394328253416,2025-01-01 08:17:00,3,6,0
902.7916887878987,2025-01-01 08:18:00,1,10,0
604.5314373030056,2025-01-01 08:19:00,0,12,0
398.65785945331,2025-01-01 08:20:00,0,18,0
159.88493820821725,2025-01-01 08:21:00,3,17,0
536.9389144097665,2025-01-01 08:22:00,3,9,1
113.15442321515425,2025-01-01 08:23:00,1,18,0
753.0903891930825,2025-01-01 08:24:00,0,7,0
707.3935055988327,2025-01-01 08:25:00,1,0,0
55.794078346795,2025-01-01 08:26:00,1,7,0
63.28762157962208,2025-01-01 08:27:00,4,5,0
81.78588158101908,2025-01-01 08:28:00,4,14,0
681.0072210638106,2025-01-01 08:29:00,3,6,0
704.635296852315,2025-01-01 08:30:00,2,18,0
689.4967452409073,2025-01-01 08:31:00,1,2,0
251.95339012351047,2025-01-01 08:32:00,3,0,1
779.4269634265171,2025-01-01 08:33:00,0,19,0
805.8120603337645,2025-01-01 08:34:00,0,0,0
282.0970329705308,2025-01-01 08:35:00,3,17,0
247.01043812010082,2025-01-01 08:36:00,4,18,0
386.8741915886308,2025-01-01 08:37:00,0,14,0
697.3032770996791,2025-01-01 08:38:00,4,8,0
268.638882211254,2025-01-01 08:39:00,4,2,0
973.3197659316412,2025-01-01 08:40:00,3,4,0
110.09589802327514,2025-01-01 08:41:00,0,16,0
94.60859950527635,2025-01-01 08:42:00,3,14,0
86.48119983648905,2025-01-01 08:43:00,3,1,0
588.9653510439142,2025-01-01 08:44:00,4,2,0
203.15438026474317,2025-01-01 08:45:00,0,14,0
690.7280154809581,2025-01-01 08:46:00,0,10,0
516.2748157915142,2025-01-01 08:47:00,1,16,0
735.0382009919973,2025-01-01 08:48:00,2,17,0
512.7750562004311,2025-01-01 08:49:00,0,8,0
951.737888657755,2025-01-01 08:50:00,0,11,0
124.92468698795315,2025-01-01 08:51:00,2,12,0
908.3355919539657,2025-01-01 08:52:00,3,6,0
542.0209477975542,2025-01-01 08:53:00,3,13,0
753.1909478938844,2025-01-01 08:54:00,0,1,0
769.168939627564,2025-01-01 08:55:00,1,13,0
67.82859773699164,2025-01-01 08:56:00,3,6,0
106.33170778122476,2025-01-01 08:57:00,2,4,0
42.95816508608305,2025-01-01 08:58:00,4,16,0
440.85312197733845,2025-01-01 08:59:00,4,15,1
366.61261037281287,2025-01-01 09:00:00,2,9,0
325.524050189481,2025-01-01 09:01:00,0,2,0
506.1843656682865,2025-01-01 09:02:00,0,19,0
405.4640866087188,2025-01-01 09:03:00,1,3,0
943.2368848417418,2025-01-01 09:04:00,3,15,0
955.0766117681749,2025-01-01 09:05:00,1,17,0
647.0068788217607,2025-01-01 09:06:00,4,10,0
523.1087971803134,2025-01-01 09:07:00,3,3,0
627.6662372011198,2025-01-01 09:08:00,4,5,0
93.34546072844974,2025-01-01 09:09:00,0,19,0
117.80582701184316,2025-01-01 09:10:00,1,13,0
95.78843543144524,2025-01-01 09:11:00,3,15,0
678.5751921635715,2025-01-01 09:12:00,3,6,0
488.9634078610716,2025-01-01 09:13:00,3,9,0
913.1512937942778,2025-01-01 09:14:00,4,14,0
225.28078920549999,2025-01-01 09:15:00,3,11,0
392.0198588924511,2025-01-01 09:16:00,0,18,0
509.9637960774443,2025-01-01 09:17:00,3,1,0
976.4134151179578,2025-01-01 09:18:00,3,18,0
39.01016138418236,2025-01-01 09:19:00,3,3,0
305.0941484080862,2025-01-01 09:20:00,1,5,0
103.02186725432774,2025-01-01 09:21:00,4,19,0
101.71665695771138,2025-01-01 09:22:00,4,19,0
918.5195135841335,2025-01-01 09:23:00,1,9,0
976.9187202381266,2025-01-01 09:24:00,4,9,0
130.82143387724236,2025-01-01 09:25:00,0,14,0
690.9693522012078,2025-01-01 09:26:00,3,5,0
875.3784515377579,2025-01-01 09:27:00,3,7,0
968.6822766219957,2025-01-01 09:28:00,1,8,0
508.30211502600014,2025-01-01 09:29:00,3,15,0
361.79059588224334,2025-01-01 09:30:00,2,12,0
370.7085246348531,2025-01-01 09:31:00,2,19,0
587.8026327756417,2025-01-01 09:32:00,3,2,1
716.5654823512242,2025-01-01 09:33:00,2,19,0
663.9436881912211,2025-01-01 09:34:00,3,9,0
365.1471154137839,2025-01-01 09:35:00,3,14,0
260.727784792283,2025-01-01 09:36:00,3,19,0
308.07592894074884,2025-01-01 09:37:00,0,4,0
459.11537734846,2025-01-01 09:38:00,4,17,0
184.75044114668557,2025-01-01 09:39:00,1,9,0
687.0092067224791,2025-01-01 09:40:00,3,6,0
655.9060062040825,2025-01-01 09:41:00,3,16,0
814.1870095240332,2025-01-01 09:42:00,4,2,0
168.6974281069886,2025-01-01 09:43:00,1,4,0
512.5429290847183,2025-01-01 09:44:00,0,15,0
280.0734012843087,2025-01-01 09:45:00,4,0,0
14.264423737378332,2025-01-01 09:46:00,0,2,0
12.87047345695116,2025-01-01 09:47:00,2,16,0
227.9588494094156,2025-01-01 09:48:00,0,8,0
792.7756933410873,2025-01-01 09:49:00,0,13,0
153.20411667635184,2025-01-01 09:50:00,2,13,0
151.28546250460045,2025-01-01 09:51:00,2,3,0
30.46252583244063,2025-01-01 09:52:00,4,7,1
744.8921283917945,2025-01-01 09:53:00,3,18,1
568.8000202595495,2025-01-01 09:54:00,3,5,0
129.1568871613871,2025-01-01 09:55:00,4,8,0
482.4465577880535,2025-01-01 09:56:00,1,15,0
146.6924537979247,2025-01-01 09:57:00,1,5,0
187.7753051126669,2025-01-01 09:58:00,2,15,0
783.0009433157963,2025-01-01 09:59:00,4,6,0
345.2107647237124,2025-01-01 10:00:00,3,2,0
653.2612473315608,2025-01-01 10:01:00,1,11,0
279.87276152124224,2025-01-01 10:02:00,0,11,0
487.61262776683185,2025-01-01 10:03:00,1,0,0
185.4154858253063,2025-01-01 10:04:00,0,17,0
928.0619447222,2025-01-01 10:05:00,1,8,0
715.424111791771,2025-01-01 10:06:00,2,14,0
964.2394517956958,2025-01-01 10:07:00,1,0,0
447.5622632967228,2025-01-01 10:08:00,3,5,0
59.38768549274777,2025-01-01 10:09:00,0,15,0
20.26532385981786,2025-01-01 10:10:00,4,19,0
621.4515898871981,2025-01-01 10:11:00,1,5,0
587.6623302069456,2025-01-01 10:12:00,2,9,0
519.8600726984446,2025-01-01 10:13:00,0,8,0
129.9378186443288,2025-01-01 10:14:00,4,19,0
644.184899115443,2025-01-01 10:15:00,1,19,0
630.755907865752,2025-01-01 10:16:00,0,4,0
262.7715519096701,2025-01-01 10:17:00,3,10,0
27.081160128569163,2025-01-01 10:18:00,0,11,1
439.7167983364158,2025-01-01 10:19:00,0,1,0
549.9557426392097,2025-01-01 10:20:00,4,17,0
910.0967993010028,2025-01-01 10:21:00,3,19,0
559.860530653142,2025-01-01 10:22:00,0,14,0
773.2166697860969,2025-01-01 10:23:00,4,2,0
513.9742591988586,2025-01-01 10:24:00,3,19,0
111.52244066679827,2025-01-01 10:25:00,2,19,0
339.0137548294466,2025-01-01 10:26:00,0,15,0
739.5301196800216,2025-01-01 10:27:00,2,5,0
284.70698373725327,2025-01-01 10:28:00,2,9,0
850.75506827389,2025-01-01 10:29:00,2,16,0
941.5360070445246,2025-01-01 10:30:00,2,8,0
622.7688797159849,2025-01-01 10:31:00,0,13,0
296.1057405280947,2025-01-01 10:32:00,2,5,0
998.3137532658108,2025-01-01 10:33:00,0,12,0
802.0952066115944,2025-01-01 10:34:00,3,3,0
160.93453931914686,2025-01-01 10:35:00,0,4,0
970.0195278853635,2025-01-01 10:36:00,2,18,0
755.7233856432841,2025-01-01 10:37:00,3,2,0
65.52864251494643,2025-01-01 10:38:00,1,17,0
442.6212421310201,2025-01-01 10:39:00,1,10,0
68.08528097493036,2025-01-01 10:40:00,0,19,1
902.6449495765575,2025-01-01 10:41:00,2,16,1
402.69335323477225,2025-01-01 10:42:00,0,3,0
767.7376492338996,2025-01-01 10:43:00,0,14,0
715.1741300637157,2025-01-01 10:44:00,1,12,0
323.08139525412224,2025-01-01 10:45:00,4,6,0
462.4366571128308,2025-01-01 10:46:00,1,16,0
608.7625434704757,2025-01-01 10:47:00,0,14,0
599.3602791409952,2025-01-01 10:48:00,1,19,0
449.2951731037514,2025-01-01 10:49:00,3,18,0
964.3411588389246,2025-01-01 10:50:00,3,19,0
879.3808427548109,2025-01-01 10:51:00,4,0,0
66.38089713011175,2025-01-01 10:52:00,0,10,0
395.85288540479627,2025-01-01 10:53:00,2,1,0
26.522917962821662,2025-01-01 10:54:00,1,5,0
315.39467038948203,2025-01-01 10:55:00,1,12,0
587.5789462250544,2025-01-01 10:56:00,3,10,0
657.5428526739819,2025-01-01 10:57:00,0,16,0
339.0210836675103,2025-01-01 10:58:00,4,6,0
350.806132190708,2025-01-01 10:59:00,4,9,1
51.437795596156384,2025-01-01 11:00:00,4,8,0
905.3863217138875,2025-01-01 11:01:00,2,6,0
101.88954985045054,2025-01-01 11:02:00,0,12,0
578.4135502348219,2025-01-01 11:03:00,0,6,0
74.26193565340813,2025-01-01 11:04:00,1,0,0
479.3668403711605,2025-01-01 11:05:00,0,14,1
949.6864606839255,2025-01-01 11:06:00,3,14,0
178.85974985236655,2025-01-01 11:07:00,2,8,0
332.4877893862232,2025-01-01 11:08:00,0,16,0
922.5342346640746,2025-01-01 11:09:00,2,11,0
945.2651270784247,2025-01-01 11:10:00,1,4,0
141.18114012043162,2025-01-01 11:11:00,0,16,0
283.2001224242588,2025-01-01 11:12:00,2,10,0
917.6821663400086,2025-01-01 11:13:00,0,12,0
63.30520825677314,2025-01-01 11:14:00,2,18,0
611.2414559755414,2025-01-01 11:15:00,2,13,0
352.13650188520694,2025-01-01 11:16:00,3,6,0
470.26841812999066,2025-01-01 11:17:00,0,9,0
189.4780306586556,2025-01-01 11:18:00,4,13,0
256.216435611929,2025-01-01 11:19:00,0,1,0
782.6941846479889,2025-01-01 11:20:00,0,6,0
41.99881464901674,2025-01-01 11:21:00,4,19,0
786.7731719878337,2025-01-01 11:22:00,0,17,0
907.4261667199523,2025-01-01 11:23:00,0,17,0
705.5175494539005,2025-01-01 11:24:00,0,6,0
468.33627575915995,2025-01-01 11:25:00,0,15,0
320.8771627656018,2025-01-01 11:26:00,3,4,0
45.533936008431944,2025-01-01 11:27:00,4,15,0
767.7839276454313,2025-01-01 11:28:00,0,14,0
291.6576672537296,2025-01-01 11:29:00,2,18,0
489.47213174953265,2025-01-01 11:30:00,1,6,0
604.7132648324949,2025-01-01 11:31:00,1,18,0
552.1079935365924,2025-01-01 11:32:00,0,9,0
90.31591170474107,2025-01-01 11:33:00,1,9,0
703.9632234848934,2025-01-01 11:34:00,3,15,0
188.1481938106813,2025-01-01 11:35:00,4,9,0
216.62060353086255,2025-01-01 11:36:00,2,0,0
155.31039353623152,2025-01-01 11:37:00,3,15,0
350.76884702526746,2025-01-01 11:38:00,3,13,0
719.883740730952,2025-01-01 11:39:00,0,18,0
671.6158162402378,2025-01-01 11:40:00,0,4,0
410.0393609797629,2025-01-01 11:41:00,1,4,0
609.60713576063,2025-01-01 11:42:00,2,11,0
618.858630240051,2025-01-01 11:43:00,2,12,0
52.60032290015006,2025-01-01 11:44:00,1,11,0
456.64324892653565,2025-01-01 11:45:00,2,1,0
88.30922186696158,2025-01-01 11:46:00,2,17,0
328.64580238266643,2025-01-01 11:47:00,4,10,0
479.6547579305902,2025-01-01 11:48:00,4,13,0
659.3625766365901,2025-01-01 11:49:00,1,6,0
922.1883484832978,2025-01-01 11:50:00,2,15,0
636.086513718544,2025-01-01 11:51:00,3,18,0
797.1378864690195,2025-01-01 11:52:00,4,8,0
321.13033740362357,2025-01-01 11:53:00,3,10,0
25.481611405774018,2025-01-01 11:54:00,4,7,0
768.115540067426,2025-01-01 11:55:00,0,14,0
80.87658519499975,2025-01-01 11:56:00,0,9,0
123.63466704476637,2025-01-01 11:57:00,3,8,0
826.1252093759592,2025-01-01 11:58:00,3,7,0
981.4424349419314,2025-01-01 11:59:00,1,7,0
520.6023916044707,2025-01-01 12:00:00,3,9,0
254.44320575199833,2025-01-01 12:01:00,1,15,0
394.2901230444612,2025-01-01 12:02:00,4,6,0
954.7801001278987,2025-01-01 12:03:00,1,2,0
192.79314743334808,2025-01-01 12:04:00,4,13,0
925.9142301987148,2025-01-01 12:05:00,3,3,0
89.52644906716121,2025-01-01 12:06:00,4,9,0
228.23893739439123,2025-01-01 12:07:00,4,13,0
447.9587828683168,2025-01-01 12:08:00,2,17,0
489.53397019921607,2025-01-01 12:09:00,1,5,0
451.16634220219015,2025-01-01 12:10:00,0,10,0
808.9763929285408,2025-01-01 12:11:00,0,14,0
330.62599507088413,2025-01-01 12:12:00,1,7,0
919.1820923497849,2025-01-01 12:13:00,0,0,0
172.53606990665918,2025-01-01 12:14:00,2,12,0
10.575575568545172,2025-01-01 12:15:00,1,12,0
527.8987370393247,2025-01-01 12:16:00,0,8,0
546.3466788469436,2025-01-01 12:17:00,3,5,0
866.6776794493198,2025-01-01 12:18:00,2,14,0
293.7978459304382,2025-01-01 12:19:00,4,5,0
338.3055865844185,2025-01-01 12:20:00,3,7,0
755.0632780868846,2025-01-01 12:21:00,3,11,0
625.4218870215118,2025-01-01 12:22:00,4,16,0
658.3658086052096,2025-01-01 12:23:00,3,11,0
666.8280198716059,2025-01-01 12:24:00,3,5,0
828.1190387470543,2025-01-01 12:25:00,2,4,0
258.6828989666102,2025-01-01 12:26:00,3,0,0
132.32292700636043,2025-01-01 12:27:00,3,10,0
340.3543663843789,2025-01-01 12:28:00,2,18,0
32.70944779471769,2025-01-01 12:29:00,0,15,0
456.3270974774967,2025-01-01 12:30:00,4,6,0
171.4769383876092,2025-01-01 12:31:00,4,9,0
868.6493953826138,2025-01-01 12:32:00,3,5,0
693.6951521984455,2025-01-01 12:33:00,4,6,0
124.91346719835965,2025-01-01 12:34:00,4,14,0
254.16345781024648,2025-01-01 12:35:00,3,6,0
622.4780512902386,2025-01-01 12:36:00,0,15,0
428.503523860747,2025-01-01 12:37:00,4,6,0
809.9710127709473,2025-01-01 12:38:00,4,17,0
681.0941354235578,2025-01-01 12:39:00,0,6,0
574.6070440316171,2025-01-01 12:40:00,2,7,0
820.2083677243957,2025-01-01 12:41:00,4,8,0
808.1468502570865,2025-01-01 12:42:00,1,14,0
510.80475846519226,2025-01-01 12:43:00,0,16,0
667.4421878016792,2025-01-01 12:44:00,3,10,0
764.9819678616792,2025-01-01 12:45:00,0,17,0
393.0723000611701,2025-01-01 12:46:00,0,11,0
778.1592726588689,2025-01-01 12:47:00,2,6,0
373.4164784167116,2025-01-01 12:48:00,1,3,0
510.97054858007465,2025-01-01 12:49:00,0,7,1
837.5108265245711,2025-01-01 12:50:00,2,5,0
514.7061320874891,2025-01-01 12:51:00,1,19,0
91.74599358691532,2025-01-01 12:52:00,3,11,0
872.0717725302029,2025-01-01 12:53:00,4,1,0
899.9959698446055,2025-01-01 12:54:00,4,10,0
680.0565899482403,2025-01-01 12:55:00,0,9,0
595.465461308989,2025-01-01 12:56:00,3,6,0
351.7310116642878,2025-01-01 12:57:00,3,8,0
914.7363233422813,2025-01-01 12:58:00,2,8,0
965.6563429335699,2025-01-01 12:59:00,2,12,0
936.3113780510149,2025-01-01 13:00:00,4,2,0
546.9677471452326,2025-01-01 13:01:00,1,7,0
533.4577000264669,2025-01-01 13:02:00,2,8,0
412.4777720897991,2025-01-01 13:03:00,3,11,0
920.6051222475073,2025-01-01 13:04:00,3,16,1
658.5152925043719,2025-01-01 13:05:00,0,11,0
920.9565185001559,2025-01-01 13:06:00,4,18,0
679.5524901513254,2025-01-01 13:07:00,4,0,0
676.3642559793673,2025-01-01 13:08:00,2,3,0
227.22360414080907,2025-01-01 13:09:00,4,15,0
355.91720851277773,2025-01-01 13:10:00,4,19,0
485.0029894263504,2025-01-01 13:11:00,4,11,1
540.8536320579963,2025-01-01 13:12:00,1,19,0
210.0654514298608,2025-01-01 13:13:00,1,19,0
576.2494715252667,2025-01-01 13:14:00,0,15,0
141.98169366542857,2025-01-01 13:15:00,3,8,0
308.26947336470573,2025-01-01 13:16:00,2,5,0
479.5359246153563,2025-01-01 13:17:00,3,6,0
87.77500657848134,2025-01-01 13:18:00,1,3,0
225.89198930037784,2025-01-01 13:19:00,0,13,0
227.36650166757428,2025-01-01 13:20:00,4,13,0
197.13864502685985,2025-01-01 13:21:00,2,14,0
261.6510375264356,2025-01-01 13:22:00,4,19,0
913.8865283804229,2025-01-01 13:23:00,3,11,0
998.1251629696214,2025-01-01 13:24:00,4,7,0
83.12304201549235,2025-01-01 13:25:00,0,8,0
772.3651032062675,2025-01-01 13:26:00,0,2,0
384.33093452014003,2025-01-01 13:27:00,4,3,0
728.4673223815743,2025-01-01 13:28:00,3,19,0
971.0821115689354,2025-01-01 13:29:00,0,9,0
468.8049662601547,2025-01-01 13:30:00,2,10,0
924.5010739605195,2025-01-01 13:31:00,2,13,0
804.0539003104593,2025-01-01 13:32:00,2,10,0
73.69511034869858,2025-01-01 13:33:00,0,11,0
757.7760147532042,2025-01-01 13:34:00,0,12,1
577.9004933026087,2025-01-01 13:35:00,2,5,0
964.6339705593235,2025-01-01 13:36:00,2,16,0
18.771387889108272,2025-01-01 13:37:00,2,4,0
992.843118929752,2025-01-01 13:38:00,2,8,0
558.4306852491646,2025-01-01 13:39:00,4,15,0
765.5411915853665,2025-01-01 13:40:00,3,18,0
339.5398812905838,2025-01-01 13:41:00,3,0,0
186.93741759644604,2025-01-01 13:42:00,4,18,0
743.0376894379475,2025-01-01 13:43:00,3,4,0
9.173873976174711,2025-01-01 13:44:00,0,5,0
736.6516007280046,2025-01-01 13:45:00,2,16,0
789.9455604587238,2025-01-01 13:46:00,1,11,0
994.5886679159756,2025-01-01 13:47:00,4,11,0
92.06644203493796,2025-01-01 13:48:00,0,4,0
628.9668836970899,2025-01-01 13:49:00,2,18,0
208.65520853055037,2025-01-01 13:50:00,1,12,1
656.2144152288564,2025-01-01 13:51:00,2,1,0
236.0241958555124,2025-01-01 13:52:00,1,11,0
611.2951655691953,2025-01-01 13:53:00,3,5,0
603.9452664200733,2025-01-01 13:54:00,3,2,0
808.6102957298594,2025-01-01 13:55:00,4,6,0
707.4848209713715,2025-01-01 13:56:00,0,0,0
108.81650719797351,2025-01-01 13:57:00,0,16,0
559.6702587410612,2025-01-01 13:58:00,4,19,0
138.14879406002512,2025-01-01 13:59:00,3,3,0
934.9871424278671,2025-01-01 14:00:00,4,14,0
226.3061111212638,2025-01-01 14:01:00,2,17,0
642.3833806198456,2025-01-01 14:02:00,3,12,0
602.1232533762422,2025-01-01 14:03:00,3,13,0
444.2400253093449,2025-01-01 14:04:00,3,15,0
283.50632585107087,2025-01-01 14:05:00,1,13,0
629.8801742035723,2025-01-01 14:06:00,4,5,0
432.73815426368805,2025-01-01 14:07:00,2,19,0
316.6101016721874,2025-01-01 14:08:00,0,5,1
483.57455721188757,2025-01-01 14:09:00,1,7,0
727.026994404603,2025-01-01 14:10:00,1,13,0
310.12374509362445,2025-01-01 14:11:00,1,9,0
752.1990966682094,2025-01-01 14:12:00,1,9,0
507.8853136361516,2025-01-01 14:13:00,4,12,0
941.9277944127684,2025-01-01 14:14:00,4,14,0
748.758457990194,2025-01-01 14:15:00,2,5,0
200.8350157401486,2025-01-01 14:16:00,0,3,0
331.66172055259256,2025-01-01 14:17:00,4,10,0
834.0438965692528,2025-01-01 14:18:00,0,14,0
770.6540315585152,2025-01-01 14:19:00,0,7,0
954.9841844882269,2025-01-01 14:20:00,3,6,0
551.8789086810339,2025-01-01 14:21:00,0,3,0
507.38374572928706,2025-01-01 14:22:00,3,4,0
783.0896458077758,2025-01-01 14:23:00,1,18,0
26.638466397663283,2025-01-01 14:24:00,4,19,0
880.5161148148414,2025-01-01 14:25:00,2,11,0
447.7691952543906,2025-01-01 14:26:00,4,11,0
444.5815836675281,2025-01-01 14:27:00,3,11,0
436.05103347130677,2025-01-01 14:28:00,1,7,0
608.4937923378117,2025-01-01 14:29:00,3,12,0
541.6777529880738,2025-01-01 14:30:00,3,3,0
142.85532467445933,2025-01-01 14:31:00,1,9,0
81.04670972947781,2025-01-01 14:32:00,4,8,0
189.6459538480028,2025-01-01 14:33:00,2,4,0
758.1650258796436,2025-01-01 14:34:00,2,11,0
617.2234194539053,2025-01-01 14:35:00,2,1,0
502.2659794547452,2025-01-01 14:36:00,4,4,0
911.7047253531672,2025-01-01 14:37:00,0,13,0
694.0295016059381,2025-01-01 14:38:00,2,4,0
906.3436885146366,2025-01-01 14:39:00,0,2,0
205.86867796121982,2025-01-01 14:40:00,2,19,0
598.4374867324608,2025-01-01 14:41:00,1,4,0
760.8511972585928,2025-01-01 14:42:00,3,10,0
121.97266649141228,2025-01-01 14:43:00,3,13,0
650.5092783040386,2025-01-01 14:44:00,3,15,0
687.633119030284,2025-01-01 14:45:00,4,18,0
341.8832352200943,2025-01-01 14:46:00,1,2,0
577.7701748695575,2025-01-01 14:47:00,4,16,0
689.508369053595,2025-01-01 14:48:00,2,18,0
611.8610477441088,2025-01-01 14:49:00,3,1,0
14.693729487850323,2025-01-01 14:50:00,4,13,0
603.5468071899127,2025-01-01 14:51:00,0,14,0
597.0153071141531,2025-01-01 14:52:00,4,6,0
604.424333118639,2025-01-01 14:53:00,1,2,0
668.2405998748873,2025-01-01 14:54:00,3,4,0
577.8390428109194,2025-01-01 14:55:00,1,10,0
314.3609441894157,2025-01-01 14:56:00,4,16,0
8.933972498388336,2025-01-01 14:57:00,2,19,0
8.286160248114982,2025-01-01 14:58:00,3,16,0
443.8600535481177,2025-01-01 14:59:00,2,0,0
769.7222620304537,2025-01-01 15:00:00,2,18,0
173.2734123230103,2025-01-01 15:01:00,0,7,0
463.3147700791278,2025-01-01 15:02:00,4,4,0
512.097809514891,2025-01-01 15:03:00,0,10,0
199.95190468681497,2025-01-01 15:04:00,3,3,0
742.7049926340691,2025-01-01 15:05:00,1,12,0
416.2778322981683,2025-01-01 15:06:00,2,4,0
663.6116540942221,2025-01-01 15:07:00,4,17,1
11.981732401865326,2025-01-01 15:08:00,2,10,0
449.5679310265702,2025-01-01 15:09:00,3,5,0
941.947844604023,2025-01-01 15:10:00,2,3,0
225.82283456612572,2025-01-01 15:11:00,3,13,0
715.0671494094669,2025-01-01 15:12:00,2,12,0
65.98968115369118,2025-01-01 15:13:00,1,16,0
73.15114002446614,2025-01-01 15:14:00,4,7,0
35.5803923441037,2025-01-01 15:15:00,1,18,0
407.8408782392841,2025-01-01 15:16:00,1,12,0
77.33864939042927,2025-01-01 15:17:00,0,17,0
553.7308152666268,2025-01-01 15:18:00,3,15,1
973.0493801947184,2025-01-01 15:19:00,1,13,1
709.3503383605716,2025-01-01 15:20:00,0,10,0
648.4898988010693,2025-01-01 15:21:00,3,4,0
642.2979777637245,2025-01-01 15:22:00,3,13,0
768.2558172025919,2025-01-01 15:23:00,3,19,0
577.4032982436097,2025-01-01 15:24:00,3,2,0
74.80892806886105,2025-01-01 15:25:00,4,13,0
552.3536682245748,2025-01-01 15:26:00,2,14,0
404.8797556001096,2025-01-01 15:27:00,0,11,0
533.3126949935927,2025-01-01 15:28:00,3,0,0
778.5312959146515,2025-01-01 15:29:00,4,2,0
351.81703317195235,2025-01-01 15:30:00,2,7,0
40.121816116849466,2025-01-01 15:31:00,4,5,0
794.5877919510672,2025-01-01 15:32:00,4,8,0
416.1798010492341,2025-01-01 15:33:00,2,15,0
125.28028876884918,2025-01-01 15:34:00,3,4,0
964.1507549574548,2025-01-01 15:35:00,1,4,0
60.40334599627188,2025-01-01 15:36:00,0,7,0
836.7233113998586,2025-01-01 15:37:00,4,18,0
32.489564161823765,2025-01-01 15:38:00,0,7,0
790.6503883343944,2025-01-01 15:39:00,2,16,0
239.8240441985058,2025-01-01 15:40:00,3,15,0
151.27479202645497,2025-01-01 15:41:00,0,10,0
130.58979369131558,2025-01-01 15:42:00,2,4,0
84.02962208297058,2025-01-01 15:43:00,1,6,0
926.4176396536134,2025-01-01 15:44:00,0,19,0
273.8956406814474,2025-01-01 15:45:00,2,8,0
386.71296413793414,2025-01-01 15:46:00,1,5,0
731.2857334601625,2025-01-01 15:47:00,2,7,0
329.6094580859264,2025-01-01 15:48:00,2,6,0
532.9860990661778,2025-01-01 15:49:00,1,10,0
512.1892062505801,2025-01-01 15:50:00,0,7,0
973.4871615881577,2025-01-01 15:51:00,4,9,0
953.7201573640671,2025-01-01 15:52:00,3,19,0
143.82316263401796,2025-01-01 15:53:00,3,14,0
314.7848087416719,2025-01-01 15:54:00,1,16,0
544.2648502970605,2025-01-01 15:55:00,0,6,0
241.2386802662994,2025-01-01 15:56:00,0,1,0
336.25974196304094,2025-01-01 15:57:00,0,17,0
701.5000418340287,2025-01-01 15:58:00,4,0,0
191.1662964888551,2025-01-01 15:59:00,1,12,0
783.3986041921223,2025-01-01 16:00:00,0,4,0
937.727251382022,2025-01-01 16:01:00,0,13,0
279.72613947064673,2025-01-01 16:02:00,0,9,0
86.94311144529145,2025-01-01 16:03:00,1,15,0
276.2310234207076,2025-01-01 16:04:00,2,19,1
681.9668089066577,2025-01-01 16:05:00,1,3,0
72.99607300653119,2025-01-01 16:06:00,0,8,0
936.737835833505,2025-01-01 16:07:00,1,0,0
452.12108388750073,2025-01-01 16:08:00,1,3,0
736.2778436642133,2025-01-01 16:09:00,1,18,0
73.38232810361649,2025-01-01 16:10:00,3,19,0
762.8466895583242,2025-01-01 16:11:00,1,14,0
822.9349637010695,2025-01-01 16:12:00,1,0,0
559.4943079502152,2025-01-01 16:13:00,2,5,0
21.059616480618956,2025-01-01 16:14:00,0,16,0
422.2917681964475,2025-01-01 16:15:00,4,0,0
880.5103681222469,2025-01-01 16:16:00,0,1,1
467.8300203794225,2025-01-01 16:17:00,1,5,0
600.6957003216656,2025-01-01 16:18:00,3,1,0
653.3721813297738,2025-01-01 16:19:00,0,5,0
964.1468622707358,2025-01-01 16:20:00,2,8,0
22.770078143815446,2025-01-01 16:21:00,1,18,0
225.46875441925562,2025-01-01 16:22:00,1,7,1
492.60007818924413,2025-01-01 16:23:00,1,2,0
500.49646934542216,2025-01-01 16:24:00,1,11,0
409.9696763051671,2025-01-01 16:25:00,2,16,0
215.9445596286269,2025-01-01 16:26:00,4,18,0
869.8374570994337,2025-01-01 16:27:00,3,12,0
279.0347882738262,2025-01-01 16:28:00,2,1,0
800.828653593072,2025-01-01 16:29:00,4,6,0
996.5274867217719,2025-01-01 16:30:00,4,0,0
481.65594486879144,2025-01-01 16:31:00,2,11,0
581.7391561201334,2025-01-01 16:32:00,2,14,0
342.05903679638897,2025-01-01 16:33:00,2,17,0
534.3648333470032,2025-01-01 16:34:00,1,6,1
323.18160726078844,2025-01-01 16:35:00,0,3,0
713.5017654550675,2025-01-01 16:36:00,1,8,0
509.7275610220409,2025-01-01 16:37:00,3,0,0
209.76504602143552,2025-01-01 16:38:00,2,11,1
251.21089866499707,2025-01-01 16:39:00,0,17,0
